stop_code,name,latitude,longitude
STOP_GURUGRAM_BUS_STAND,Gurugram Bus Stand,28.464847,77.033236
STOP_CIVIL_HOSPITAL,Civil Hospital,28.460227,77.032234
STOP_KAMLA_NEHRU_PARK,Kamla Nehru Park,28.458593,77.029361
STOP_COMMISSIONER_OF_POLICE_OFFICE_SCERT_HARYANA,Commissioner of Police Office /SCERT Haryana,28.453813,77.029964
STOP_DISTRICT_SECRETARIAT_COURT_COMPLEX_B_AND_R_REST_HOUSE,District Secretariat Court Complex / B and R Rest House,28.451228,77.03095
STOP_RAJIV_CHOWK,Rajiv Chowk,28.447448,77.027866
STOP_TAU_DEVI_LAL_SPORTS_COMPLEX,Tau Devi Lal Sports Complex,28.471,77.034
STOP_ISLAMPUR_VILLAGE,ISLAMPUR VILLAGE,28.43206,77.03837
STOP_SUBHASH_CHOWK,Subhash Chowk,28.42772,77.03711
STOP_MALIBU_TOWN,Malibu Town,28.42191,77.03925
STOP_SECTOR_48_49_SOUTH_CITY_II,"Sector - 48/49 , South City II",28.412,77.056
STOP_CD_CHOWK,CD Chowk,28.41258,77.04198
STOP_SHAHEED_UDHAM_SINGH_CHOWK,Shaheed Udham Singh Chowk,28.405,77.045
STOP_POLICE_CHOWKI_BADASHAPUR,Police Chowki Badashapur,28.405,77.049
STOP_NURPUR_VILLAGE_MODE,Nurpur Village Mode,28.383,76.957
STOP_SAKATPUR_VILLAGE_MODE,Sakatpur Village Mode,28.383,76.957
STOP_AKLIMPUR_VILLAGE,Aklimpur Village,28.3667,77.0354
STOP_TIKLI_VILLAGE,Tikli Village,28.328125,77.043675
STOP_GOVT_SCHOOL_TIKLI_VILLAGE,Govt. School Tikli Village,28.340875,77.0499
STOP_GAIRATPUR_BAS_VILLAGE,Gairatpur Bas Village,28.3421,77.051925
STOP_BADARPUR_BORDER,Badarpur Border,28.493,77.303
STOP_SARAI_METRO_STATION,Sarai Metro Station,28.49,77.299
STOP_SARAI_KHAWAJA,Sarai Khawaja,28.482,77.3
STOP_NHPC_CHOWK,NHPC Chowk,28.472,77.304
STOP_NHPC_METRO_STATION,NHPC Metro Station,28.474,77.303
STOP_MEWLA_MAHARAJPUR_METRO_STATION,Mewla Maharajpur Metro Station,28.462,77.3
STOP_SECTOR_30_31,Sector- 30/31,28.451,77.305
STOP_SECTOR_28_METRO_STATION,Sector-28 Metro Station,28.457,77.304
STOP_BADKHAL_MOD_FLYOVER,Badkhal Mod Flyover,28.435,77.303
STOP_BADKHAL_MOD_METRO_STATION,Badkhal Mod Metro Station,28.433,77.304
STOP_RAJENDRA_COLONY_SECTOR_28,Rajendra Colony Sector-28,28.44,77.304
STOP_FARIDABAD_OLD_METRO_STATION,Faridabad Old Metro Station,28.437,77.304
STOP_SECTOR_16A_SECTOR_15_MOD,Sector-16A/ Sector- 15 Mod,28.422,77.312
STOP_NEELAM_CHOWK_AJRONDA_METRO_STATION,Neelam Chowk Ajronda Metro Station,28.408,77.313
STOP_AJRONDA_CHOWK,Ajronda Chowk,28.414,77.314
STOP_BATA_CHOWK_METRO_STATION,Bata Chowk Metro Station,28.385,77.314
STOP_BATA_CHOWK,Bata Chowk,28.383,77.314
STOP_ESCORTS_MUJESAR_J_C_BOSE_UNIVERSITY_OF_S_AND_T_YMCA_CHOWK,Escorts Mujesar/J.C. Bose University of S and T/YMCA Chowk,28.46965,77.060375
STOP_SANT_SURDAS_SIHI_NCB_COLONY_GOOD_YEAR_CHOWK,"Sant Surdas, Sihi (NCB Colony)/ Good Year Chowk",28.4618,77.05595
STOP_RAJIV_ENCLAVE_SECTOR_5,"Rajiv Enclave, Sector 5",28.483,77.018
STOP_BALLABGARH_BUS_STAND,Ballabgarh Bus Stand,28.34,77.315
STOP_GOVT_GIRLS_SCHOOL_SHYAM_COLONY,"Govt. Girls School, Shyam Colony",28.45325,77.043775
STOP_SECTOR_3,Sector -3,28.477,77.016
STOP_NTPC_CHOWK,NTPC Chowk,28.373,77.312
STOP_GOODYEAR_MOD,Goodyear Mod,28.384,77.31
STOP_SECTOR_8_MOD,Sector - 8 Mod,28.465,77.018
STOP_SARVODAYA_CHOWK,Sarvodaya chowk,28.394,77.305
STOP_SECTOR_9,Sector - 9,28.466,76.997
STOP_SECTOR_14_15_BPTP,Sector-14/15 BPTP,28.472707,77.053992
STOP_SECTOR_14,Sector-14,28.472707,77.053992
STOP_SECTOR_17_ROSE_GARDEN,Sector- 17 Rose Garden,28.489497,77.056336
STOP_SECTOR_17,Sector-17,28.489497,77.056336
STOP_KHERI_PUL_CHOWK,Kheri Pul Chowk,28.408,77.311
STOP_SECTOR_28_29,Sector-28/29,28.46,77.09
STOP_SECTOR_33_POLICE_LINE_ROAD,Sector-33 Police Line Road,28.431,77.012
STOP_SECTOR_30_INDRAPRASTHA_COLONY_AITMADPUR,Sector- 30 Indraprastha Colony/ Aitmadpur,28.451,77.305
STOP_NHPC,NHPC,28.472,77.304
STOP_SECTOR_36_BABA_SURDAS_CHOWK_PALLA_CHOWK,Sector- 36 /Baba Surdas Chowk/Palla Chowk,28.435,77.04
STOP_SECTOR_37,Sector -37,28.4370348,77.0084194
STOP_SECTOR_37_BLOCK_D_TIKONA_PARK,"Sector-37, Block- D/ Tikona Park",28.437035,77.008419
STOP_SECTOR_28_29_CHOWK,Sector 28/29 Chowk,28.457,77.304
STOP_MAWAI_VILLAGE,Mawai Village,28.407,77.295
STOP_JEEVAN_NAGAR,Jeevan Nagar,28.418,77.287
STOP_WAZIRPUR_VILLAGE,Wazirpur Village,28.435,76.985
STOP_SECTOR_88_89_TIKAWALI_VILLAGE_MOD,Sector 88-89/Tikawali village Mod,28.402,77.004
STOP_AMRITA_HOSPITAL_GATE_NO1,Amrita Hospital Gate No1,28.4491,77.049425
STOP_TIKAWALI,Tikawali,28.407,77.287
STOP_SECTOR_97_FARIDABAD,"Sector 97,Faridabad",28.365,77.0
STOP_BHUPANI_MOD,Bhupani Mod,28.402,77.255
STOP_VIDSAN_CHARTERHOUSE,Vidsan Charterhouse,28.399,77.268
STOP_NACHOLI_VILLAGE,Nacholi Village,28.403,77.247
STOP_LINGAYAS_VIDYAPEETH,Lingayas Vidyapeeth,28.398,77.247
STOP_KANWARA_VILLAGE_MOD,Kanwara village Mod,28.382375,77.308525
STOP_KANWARA_VILLAGE,Kanwara Village,28.392,77.235
STOP_DUNGARPUR_VILLAGE,Dungarpur Village,28.37,77.22
STOP_RAJPUR_KALAN_SAI_ELECTRICALS,"Rajpur Kalan, SAI Electricals",28.441275,77.028925
STOP_MUJERI_MOD_MIRZAPUR_SECTOR_74,"Mujeri Mod,Mirzapur Sector 74",28.382,77.035
STOP_NTPC_FARIDABAD,"NTPC, Faridabad",28.373,77.312
STOP_DISTRICT_PRISON_FARIDABAD_POST_OFFICE,District Prison Faridabad/ Post Office,28.3807,77.315225
STOP_NEEMKA_MOD,Neemka Mod,28.333,77.274
STOP_GOVT_HOSPITAL_TIGAON,"Govt. Hospital,Tigaon",28.392,77.323
STOP_CHANDER_MAL_CHOWK_BLOCK_DEV_AND_PANCHAYAT_OFFICER_TIGAON,"Chander Mal Chowk/Block Dev. and Panchayat Officer, Tigaon",28.39,77.32
STOP_PUNJAB_NATIONAL_BANK_TIGAON,"Punjab National Bank, Tigaon",28.389,77.319
STOP_MANDHAWALI_BHAINSRAWALI_MOD,Mandhawali /Bhainsrawali Mod,28.3966,77.298125
STOP_LEHDOLA_VILLAGE,Lehdola village,28.448225,77.048825
STOP_VIDHYASAGAR_INTERNATIONAL_SCHOOL_SD_GROUP_OF_INSTITUTION,Vidhyasagar international school /SD Group of Institution,28.466925,77.053025
STOP_RAIPUR_KALAN,Raipur Kalan,28.4475,77.0375
STOP_GHARODA_VILLAGE,Gharoda village,28.447875,77.051475
STOP_MAJHAWALI_VILLAGE,Majhawali Village,28.460425,77.038325
STOP_SECTOR_55_56_MODE,Sector - 55/56 Mode,28.424,77.104
STOP_GAUNCHHI,Gaunchhi,28.352,77.322
STOP_LAL_KHOTHI,Lal Khothi,28.348,77.325
STOP_PARVATIYA_COLONY_SAROORPUR,"Parvatiya Colony, Saroorpur",28.344,77.328
STOP_SAROORPUR,Saroorpur,28.343,77.33
STOP_NAGAR_CHOWK,Nagar Chowk,28.347,77.334
STOP_NAGLA_ENCLAVE_PART_I,"Nagla Enclave,Part I",28.352,77.334
STOP_NAGLA_GUJRAN,Nagla Gujran,28.357,77.332
STOP_GAZIPUR_MOD,Gazipur Mod,28.364,77.334
STOP_PALI_CHOWK,Pali Chowk,28.377,77.278
STOP_K_R_MANGALAM_SCHOOL_ASIAN_HOSPITAL,K.R Mangalam School/Asian Hospital,28.404,77.308
STOP_KHERI_KALAN_FARIDABAD,Kheri Kalan Faridabad,28.39,77.275
STOP_BADARPUR_SAID,Badarpur Said,28.371,77.28
STOP_JASANA_VILLAGE,Jasana Village,28.389,77.348
STOP_SIDOLA_VILLAGE,Sidola Village,28.33,76.975
STOP_ECHELON_INSTITUTE_OF_TECHNOLOGY_KABOOLPUR_KHADAR,"Echelon Institute of Technology, Kaboolpur Khadar",28.392,77.35
STOP_CHIRSI_VILLAGE,Chirsi Village,28.405,77.34
STOP_JB_COLLEGE,JB College,28.398,77.332
STOP_MANDI_MOD,Mandi Mod,28.384,77.331
STOP_JCB_CHOWK_SECTOR_55,JCB Chowk/sector 55,28.424,77.104
STOP_SECTOR_58_CHOWK,Sector - 58 Chowk,28.417,77.098
STOP_JHARSETHLI_VILLAGE,Jharsethli Village,28.368,77.33
STOP_TRANSPORT_NAGAR_JAJRU_MOD,"Transport Nagar,Jajru Mod",28.356,77.331
STOP_KHANDAWALI_MOD,Khandawali Mod,28.342,77.326
STOP_DPSG_SHAPUR_KHURD_SIKRI,"DPSG,Shapur Khurd, Sikri",28.33,77.315
STOP_BHANKPUR_MOD,Bhankpur Mod,28.319,77.32
STOP_SOFTA_MOD,Softa Mod,28.313,77.305
STOP_PRITHLA_VILLAGE,Prithla Village,28.3,77.315
STOP_DUDHOLA_MOD,Dudhola Mod,28.292,77.298
STOP_NAGLA_BHIKU_MOD,Nagla-Bhiku Mod,28.44305,77.037325
STOP_ACE,ACE,28.445725,77.034125
STOP_SAMUDAYIK_SWASTHYA_KENDRA,Samudayik swasthya kendra,28.442475,77.0335
STOP_VISHWAKARMA_UNIVERSITY_DUDHOLA,"Vishwakarma University, Dudhola",28.393025,77.309775
STOP_DHATIR_VILLAGE,Dhatir Village,28.285,77.286
STOP_KAURALI_MOD_TIGAON,"Kaurali Mod, Tigaon",28.3861,77.302075
STOP_BADRAULA_VILLAGE,Badraula Village,28.4603,77.034875
STOP_PREHLADPUR_MANJRA_BADRAULA,"Prehladpur Manjra, Badraula",28.448075,77.02855
STOP_KAURALI_VILLAGE,Kaurali village,28.4521,77.0524
STOP_SAMUDAIK_KENDRA_KAURALI,"Samudaik Kendra, Kaurali",28.45735,77.04025
STOP_C_B_S_COLLEGE_OF_PHARMACY_AND_TECHNOLOGY_IMAMUDDINPUR,"C.B.S College of pharmacy and Technology, Imamuddinpur",28.445475,77.0508
STOP_SANJOE_PURAM_ST_LUKE_SCHOOL,Sanjoe Puram /St. Luke School,28.463475,77.044875
STOP_CHANDPUR_VILLAGE,Chandpur Village,28.45355,77.0422
STOP_SHAJHANPUR_VILLAGE,Shajhanpur Village,28.446725,77.0439
STOP_FAIZUPUR_KHADAR,Faizupur Khadar,28.438925,77.0332
STOP_S_L_PUBLIC_SCHOOL_FAIZPUR,"S.L Public School, Faizpur",28.454525,77.048875
STOP_ARUA,Arua,28.397,77.317275
STOP_AMBEDKAR_CHOWK,Ambedkar Chowk,28.46845,77.04975
STOP_PNB_BANK_YADAV_COLONY,"PNB Bank, Yadav Colony",28.453675,77.04
STOP_POLICE_STATION_SEC_64,Police Station Sec-64,28.471375,77.057425
STOP_MAHARAJA_SAINI_CHOWK,Maharaja Saini Chowk,28.46885,77.038525
STOP_CHANDAWALI_VILLAGE,Chandawali Village,28.39325,77.305675
STOP_SEC_67_68_CHOWK,Sec-67/68 Chowk,28.4552,77.0468
STOP_IMT_MOD_MACHHGARH,IMT Mod Machhgarh,28.359175,76.968575
STOP_SANTOSHI_MATA_MANDIR_MACHHGARH,"Santoshi Mata Mandir, Machhgarh",28.449575,77.039925
STOP_MACHHGARH_VILLAGE,Machhgarh Village,28.4477,77.03285
STOP_MATA_CHOWK_DAYALPUR,"Mata Chowk,Dayalpur",28.395625,77.3055
STOP_JUNEHERA_MOD,Junehera Mod,28.44425,77.03215
STOP_SUB_TEHSIL_DAYALPUR,"Sub-Tehsil, Dayalpur",28.391675,77.321
STOP_ATALI_VILLAGE_MOD,Atali Village Mod,28.443525,77.03465
STOP_MOUJPUR_VILLAGE_MOD,Moujpur Village Mod,28.439025,77.04525
STOP_KMP_MOD,KMP Mod,28.315,76.98
STOP_MOTHUKA_VILLAGE_MOD,Mothuka Village Mod,28.25,77.305
STOP_BHATI_CHOWK_CHHAINSA,"Bhati Chowk, Chhainsa",28.457425,77.04345
STOP_NARIYALA_VILLAGE,Nariyala Village,28.44115,77.032125
STOP_HIRAPUR_VILLAGE_MOD,Hirapur Village Mod,28.446925,77.02935
STOP_MOHNA_BUS_STAND,Mohna Bus Stand,28.21,77.326
STOP_PT_PARSURAM_VATIKA_MOHNA,"Pt.Parsuram Vatika, Mohna",28.391275,77.315975
STOP_MUNSHI_MOD,Munshi Mod,28.439725,77.03755
STOP_B_R_COLLEGE_OF_PHARMACY,B. R. College of Pharmacy,28.45035,77.034525
STOP_BAGHPUR_VILLAGE,Baghpur Village,28.389825,77.3167
STOP_SADUPURA_VILLAGE_MOD,Sadupura village Mod,28.4541,77.033925
STOP_SADUPURA_VILLAGE,Sadupura Village,28.445825,77.036975
STOP_GOVT_SCHOOL_FARIDPUR,"Govt. School, Faridpur",28.466325,77.043425
STOP_ADEL_REDWOOD_RESIDENCY_SECTOR_78,"Adel Redwood Residency,Sector 78",28.369,76.966
STOP_CHANDILA_CHOWK_BHATAULA,"Chandila Chowk,Bhataula",28.46205,77.0433
STOP_GRAM_PANCHYAT_BHATAULA_SECTOR_82,"Gram Panchyat Bhataula,Sector 82",28.385,76.994
STOP_PARK_GRANDEURA_SECTOR_82,"Park Grandeura,Sector 82",28.385,76.994
STOP_BIHARI_MARKET_CHOWK_BHATAULA,"Bihari Market Chowk, Bhataula",28.46565,77.03895
STOP_BUDHENA_VILLAGE_MOD,Budhena Village Mod,28.4475,77.0414
STOP_INSTITUTE_OF_MANAGEMENT_AND_TECHNOLOGY_SECTOR_86,"Institute Of Management and Technology,Sector 86",28.395,77.001
STOP_SECTOR_86_CHOWK,Sector 86 Chowk,28.395,77.001
STOP_AIIMS_BALLABGARH,AIIMS Ballabgarh,28.344,77.318
STOP_TATA_STEEL,Tata Steel,28.436,77.311
STOP_HARDWARE_CHOWK,Hardware Chowk,28.432,77.311
STOP_NIT_1_2_CHOWK,NIT - 1/2 Chowk,28.43,77.311
STOP_NIT_BUS_STAND,NIT Bus Stand,28.427,77.312
STOP_BK_HOSPITAL_CHOWK,BK Hospital chowk,28.423,77.311
STOP_NEELAM_CHOWK,Neelam Chowk,28.408,77.313
STOP_BADARPUR_MOLARBAND,Badarpur Molarband,28.497,77.316
STOP_SARITA_VIHAR,Sarita Vihar,28.53,77.288
STOP_NEHRU_PLACE,Nehru Place,28.548,77.251
STOP_AIIMS_DELHI,AIIMS Delhi,28.567,77.21
STOP_MAHAVEER_CHOWK_GAUSHALA_GROUND,Mahaveer Chowk Gaushala Ground,28.464228,77.034885
STOP_VATIKA_BUSINESS_PARK,Vatika Business Park,28.413,77.083
STOP_SBI_BANK_BADSHAPUR,SBI Bank Badshapur,28.406,77.05
STOP_BADSHAHPUR,Badshahpur,28.405,77.049
STOP_POWER_COLONY_AIRIA_MALL_SECTOR_68,Power Colony / Airia Mall Sector - 68,28.388,77.058
STOP_BHONDSI_JAIL_MODE,Bhondsi Jail Mode,28.389,77.055
STOP_SECTOR_68_B_S_F_CAMP,Sector - 68 / B.S.F. Camp,28.385,77.056
STOP_RAYAN_ENCLAVE_MOHAN_NAGAR,Rayan Enclave / Mohan Nagar,28.382,77.05
STOP_MARUTI_KUNJ_MODE,Maruti Kunj Mode,28.344,77.033
STOP_BHONDSI,Bhondsi,28.389,77.052
STOP_BHONDSI_POLICE_CHOWKI,Bhondsi Police Chowki,28.39,77.049
STOP_DARBARIPUR_MOD_BADSHAPUR,Darbaripur Mod Badshapur,28.391,77.049
STOP_JACOBPURA_LAJPAT_NAGAR,Jacobpura Lajpat Nagar,28.462,77.024
STOP_JACOBPURA_MIYAN_WALI_COLONY,Jacobpura Miyan Wali Colony,28.46,77.02
STOP_BHIM_NAGAR_CHOWK,Bhim Nagar Chowk,28.473,77.018
STOP_SECTOR_7_BHIM_NAGAR,Sector - 7 / Bhim Nagar,28.473,77.015
STOP_SECTOR_4_SECTOR_7_CHOWK,Sector - 4 / Sector - 7 Chowk,28.473193,77.017129
STOP_SECTOR_4_SECTOR_7_AND_SECTOR_7_EXT,Sector - 4 / Sector - 7 and Sector - 7 Ext,28.470172,77.008933
STOP_SECTOR_9_ESIC_HOSPITAL,Sector - 9 ESIC Hospital,28.4674647,77.0008678
STOP_SECTOR_9_9A,Sector - 9/9A,28.465541,76.9957882
STOP_CIVIL_HOSPITAL_SECTOR_9_GOVT_COLLEGE_SECTOR_9,Civil Hospital Sector 9/Govt. College Sector 9,28.457142,76.996759
STOP_BASAI_CHOWK,Basai Chowk,28.468,76.992
STOP_BASAI_VILLAGE,Basai Village,28.467,76.984
STOP_BASAI_DHANKOT_RAILWAY_STATION,Basai Dhankot Railway Station,28.466288,76.974171
STOP_SECTOR_100_DWARKA_EXPRESSWAY,Sector- 100 Dwarka Expressway,28.493,77.01
STOP_SECTOR_99_100_DWARKA_EXPRESSWAY_FOB,Sector- 99/100 Dwarka Expressway FOB,28.494,77.008
STOP_SECTOR_37D_DWARKA_EXPRESSWAY,Sector- 37D Dwarka Expressway,28.469,77.005
STOP_SECTOR_37D_88A_88B_DWARKA_EXPRESSWAY_FOB,Sector- 37D/88A-88B Dwarka Expressway FOB,28.468,77.012
STOP_DWARKA_EXPRESSWAY_HARSARU_VILLAGE,Dwarka Expressway Harsaru Village,28.430463,76.962146
STOP_HARSARU_VILLAGE,Harsaru Village,28.430463,76.962146
STOP_GHARI_MODE,Ghari Mode,28.4384,77.0362
STOP_SALIG_KI_DHANI,Salig Ki Dhani,28.452675,77.0389
STOP_HAYATPUR_IMT_MODE,Hayatpur (IMT Mode),28.441,76.988
STOP_WAZIRPUR,Wazirpur,28.43,76.985
STOP_WAZIRPUR_T_POINT,Wazirpur-T Point,28.432,76.985
STOP_DHANAWAS,Dhanawas,28.42,76.96
STOP_SAIDPUR_KHETAWAS,Saidpur/Khetawas,28.41,76.95
STOP_MOHAMADPUR,Mohamadpur,28.45,76.885
STOP_FARUKHNAGAR_BUS_STAND,Farukhnagar Bus Stand,28.451049,76.825622
STOP_SECTOR_88A_88B_DWARKA_EXPRESSWAY,Sector- 88A/88B Dwarka Expressway,28.487575,76.998925
STOP_SECTOR_99_DWARKA_EXPRESSWAY,Sector- 99 Dwarka Expressway,28.494,77.008
STOP_BHAWANI_ENCLAVE,Bhawani Enclave,28.4593,77.0321
STOP_BASAI_TALAB,Basai Talab,28.478375,77.00275
STOP_FIROZ_GANDHI_COLONY_2,Firoz Gandhi Colony 2,28.4685827,77.0038302
STOP_PATEL_NAGAR_VYAPAR_KENDRA,Patel Nagar Vyapar Kendra,28.465583,77.039313
STOP_GOVT_GIRLS_COLLEGE_ANAMIKA_ENCLAVE,Govt Girls College Anamika Enclave,28.466988,77.041524
STOP_ITI_COLONY_OLD_DLF,ITI Colony Old DLF,28.469523,77.046086
STOP_CANAL_COLONY,Canal Colony,28.471233,77.049886
STOP_SECTOR_14_IDC,Sector - 14 / IDC,28.4727067,77.0539916
STOP_SUKHRALI_SEC_17_C,Sukhrali/Sec 17 C,28.475177,77.059572
STOP_IFFCO_CHOWK,Iffco Chowk,28.4785138,77.069815
STOP_M_G_ROAD_METRO_STATION,M G Road Metro Station,28.4796,77.0808
STOP_SAHARA_MALL,Sahara Mall,28.48015,77.0854
STOP_SIKANDERPUR_METRO_STATION,Sikanderpur Metro Station,28.4813,77.0924
STOP_IFFCO_CHOWK_A,Iffco Chowk (A),28.478514,77.069815
STOP_SOHNA_CHOWK,Sohna Chowk,28.457512,77.027085
STOP_BHUTESHWAR_MANDIR_CHOWK,Bhuteshwar Mandir Chowk,28.457052,77.024328
STOP_VEER_NAGAR,Veer Nagar,28.4457,77.03435
STOP_SHAKTI_NAGAR,Shakti Nagar,28.443075,77.0348
STOP_SHIV_NAGAR,Shiv Nagar,28.4502,77.047025
STOP_KADIPUR_VILLAGE_SECTOR_10,Kadipur Village / Sector - 10,28.451198,77.004829
STOP_KADIPUR_CHOWK_SECTOR_10A,Kadipur Chowk / Sector - 10A,28.448664,76.998298
STOP_SECTOR_10,Sector - 10,28.452,77.001
STOP_ALPINE_SCHOOL_SECTOR_10_37C,"Alpine School, Sector - 10/37C",28.452,77.002
STOP_AARVY_HOSPITAL_RPS_SCHOOL_SEC_90,Aarvy Hospital/RPS School Sec- 90,28.4481,77.046375
STOP_BADA_VILLAGE_SECTOR_86,"Bada Village , Sector - 86",28.395,77.001
STOP_NTH_86_SECTOR_86,NTH - 86 / Sector - 86,28.395,77.001
STOP_GURUGRAM_UNIVERSITY_SECTOR_87,Gurugram University Sector - 87,28.399,77.002
STOP_GURUGRAM_RAILWAY_STATION,Gurugram Railway Station,28.485545,77.00879
STOP_SECTOR_5_LAXMAN_VIHAR_CHOWK,Sector - 5 Laxman Vihar Chowk,28.479875,77.014813
STOP_SECTOR_4_5,Sector - 4/5,28.476911,77.016278
STOP_BHIM_NAGAR_DAYANAND_COLONY,BHIM NAGAR DAYANAND COLONY,28.473379,77.018478
STOP_NEW_COLONY_BHIM_NAGAR,NEW COLONY/BHIM NAGAR,28.458,77.022
STOP_NEW_COLONY_SUBHASH_NAGAR,NEW COLONY/SUBHASH NAGAR,28.457,77.025
STOP_SUBHASH_NAGAR_PRATAP_NAGAR,SUBHASH NAGAR/PRATAP NAGAR,28.459,77.028
STOP_GURU_DRONACHARYA_METRO_STATION,Guru Dronacharya Metro Station,28.48202,77.10227
STOP_ARAVALLI_BIO_DIVERSITY_PARK,Aravalli Bio Diversity Park,28.474,77.103
STOP_AYA_NAGAR,Aya Nagar,28.47648,77.13228
STOP_KHANPUR,Khanpur,28.45935,77.043925
STOP_SECTOR_4_POLICE_STATION,Sector - 4 Police Station,28.472671,77.0036682
STOP_SURYA_VIHAR,Surya Vihar,28.476675,77.002822
STOP_LAXMAN_VIHAR,Laxman Vihar,28.4782476,77.0074623
STOP_BABA_PRAKASHPURI_CHOWK,Baba Prakashpuri Chowk,28.4816105,77.0160194
STOP_SECTOR_5_CHOWK,Sector - 5 Chowk,28.484307,77.018328
STOP_SECTOR_5_RAMLILA_GROUND,Sector - 5 Ramlila Ground,28.482358,77.022297
STOP_SHEETLA_MATA_MANDIR_B,Sheetla Mata Mandir (B),28.479125,77.031308
STOP_SHEETLA_MATA_MANDIR_A,Sheetla Mata Mandir (A),28.4807,77.03319
STOP_CRPF_CAMP_CHOWK,CRPF Camp Chowk,28.469,77.059
STOP_SANJAY_GRAM,Sanjay Gram,28.47735,77.045664
STOP_PATTHAR_MARKET,Patthar Market,28.473,77.046
STOP_ATUL_KATARIA_CHOWK,Atul Kataria Chowk,28.474,77.036
STOP_AIRFORCE_STATION,Airforce Station,28.48271,77.05909
STOP_SECTOR_17_18_OLD_DELHI_ROAD,Sector - 17/18 Old Delhi Road,28.489497,77.056336
STOP_SECTOR_17B_18,Sector - 17B-18,28.489,77.056
STOP_SBI,SBI,28.461425,77.02925
STOP_IFFCO_CHOWK_FOB_PLATINUM_TOWER,Iffco Chowk FOB / Platinum Tower,28.4785,77.0695
STOP_IFFCO_CHOWK_METRO_STATION_B,Iffco Chowk Metro Station (B),28.479,77.07
STOP_SECTOR_29_POLICE_STATION,Sector - 29 Police Station,28.466,77.063
STOP_HUDA_CITY_CENTRE_METRO_STATION_B,Huda City Centre Metro Station (B),28.4595,77.072
STOP_FORTIS_MEMORIAL_RESEARCH_INSTITUTE_B_HUDA_CITY_CENTRE,Fortis Memorial Research Institute (B)-Huda City Centre,28.457,77.07041
STOP_SECTOR_44,Sector - 44,28.457,77.081
STOP_SECTOR_45_SOUTH_CITY_I,Sector - 45 South City - I,28.434,77.067
STOP_SECTOR_39_45,Sector - 39/45,28.438,77.067
STOP_UNITECH_CYBER_PARK_B,Unitech Cyber Park (B),28.471225,77.0423
STOP_SECTOR_46,Sector - 46,28.435,77.061
STOP_BAKHTAWAR_CHOWK_A,Bakhtawar Chowk (A),28.428,77.089
STOP_SECTOR_38,Sector - 38,28.431,77.064
STOP_SECTOR_38_47_B,Sector - 38/47 (B),28.426,77.064
STOP_SECTOR_38_47_A,Sector - 38/47 (A),28.427,77.067
STOP_CENTRAL_PARK_2,Central Park 2,28.41,77.085
STOP_SECTOR_48_SEZ,Sector - 48 SEZ,28.412,77.057
STOP_SECTOR_33_34_MARBLE_MARKET,Sector - 33/34 Marble Market,28.431,77.012
STOP_SECTOR_34_NAGAR_NIGAM,Sector - 34 Nagar Nigam,28.429,77.017
STOP_HERO_HONDA,Hero Honda,28.4366951,77.0105846
STOP_HERO_HONDA_CHOWK,Hero Honda Chowk,28.4366951,77.0105846
STOP_KHANDSA_CHOWK,Khandsa Chowk,28.442,77.019
STOP_SECTOR_10A_37,Sector - 10A-37,28.444,77.002
STOP_SARASWATI_ENCLAVE,Saraswati Enclave,28.445452,76.990471
STOP_BAKHTAWAR_CHOWK_B,Bakhtawar Chowk (B),28.428,77.091
STOP_UNITECH_CYBER_PARK_A,Unitech Cyber Park (A),28.438,77.065
STOP_SECTOR_40,Sector - 40,28.447,77.065
STOP_FORTIS_MEMORIAL_RESEARCH_INSTITUTE_A_HUDA_CITY_CENTRE,Fortis Memorial Research Institute (A)-Huda City Centre,28.457,77.07041
STOP_MILENNIUM_PLAZA,Milennium Plaza,28.4523,77.047675
STOP_IFFCO_CHOWK_METRO_STATION,Iffco Chowk Metro Station,28.451825,77.04935
STOP_IFFCO_CHOWK_NH48,Iffco Chowk-NH48,28.45625,77.05815
STOP_PASCO_MOTORS,Pasco Motors,28.45185,77.04205
STOP_BABA_PRAKASHPURI_CHOWK_B,Baba Prakashpuri Chowk (B),28.48175,77.016564
STOP_BABA_PRAKASHPURI_CHOWK_A,Baba Prakashpuri Chowk (A),28.480462,77.013716
STOP_SECTOR_33_TRANSPORT_NAGAR,"Sector- 33 , Transport Nagar",28.432,77.015
STOP_NAHARPUR_RUPA_VILLAGE_UNDERPASS_NH_48,Naharpur Rupa Village Underpass - NH 48,28.458225,77.049575
STOP_RAJIV_COLONY_FOB,Rajiv Colony FOB,28.467725,77.04565
STOP_SECTOR_15_PART_I_NH_48,Sector - 15 (Part - I) - NH 48,28.4537403,77.0402653
STOP_SECTOR_15_PART_II_NH_48_STAR_MALL,Sector - 15 (Part - II) - NH 48 / Star Mall,28.4535714,77.040838
STOP_SIGNATURE_TOWER,Signature Tower,28.467675,77.056109
STOP_IFFCO_CHOWK_NH_48,Iffco Chowk - NH 48,28.456675,77.0432
STOP_UDYOG_VIHAR_SECTOR_18C_NH_48,Udyog Vihar / Sector - 18C - NH 48,28.491151,77.081541
STOP_SHYAM_CHOWK,Shyam Chowk,28.495468,77.085764
STOP_SHANKAR_CHOWK_A_NH_48,Shankar Chowk (A) NH 48,28.498324,77.088467
STOP_UDYOG_VIHAR_PHASE_II_III,Udyog Vihar Phase - II / III,28.4818,76.9921
STOP_UDYOG_VIHAR_PHASE_V,Udyog Vihar Phase - V,28.48,77.0043
STOP_RAM_CHOWK_DUNDAHERA,Ram Chowk Dundahera,28.469175,76.990825
STOP_HANUMAN_MANDIR_CHOWK,Hanuman Mandir Chowk,28.510753,77.074237
STOP_DUNDAHERA,Dundahera,28.517874,77.080475
STOP_SHANKAR_CHOWK_B_NH_48,Shankar Chowk (B) NH 48,28.452875,77.044075
STOP_AMBIENCE_MALL,Ambience Mall,28.450375,77.04745
STOP_DLF_PHASE_II_BLOCK_M_NH48,DLF Phase - II (Block M) - NH48,28.450475,77.05175
STOP_DLF_PHASE_II_BLOCK_L_NH48,DLF Phase - II (Block L) - NH48,28.4493,77.04095
STOP_STAR_MALL_NH_48,Star Mall - NH 48,28.451875,77.045175
STOP_SECTOR_31_NH_48,Sector - 31 NH 48,28.45,77.045
STOP_SECTOR_29,Sector - 29,28.465,77.066
STOP_SOUTH_CITY_1_SECTOR_29,South City 1 Sector - 29,28.465,77.066
STOP_SECTOR_29_30,Sector - 29/30,28.465,77.066
STOP_GYMKHANA_CLUB_SECTOR_29_30,Gymkhana Club Sector - 29/30,28.465,77.066
STOP_MANAGEMENT_DEVELOPMENT_INSTITUTE_IDC,Management Development Institute / IDC,28.4729504,77.0556251
STOP_SECTOR_4_7_OLD_RAILWAY_ROAD,Sector - 4/7 Old Railway Road,28.474494,77.017324
STOP_LAXMAN_VIHAR_ASHOK_VIHAR,Laxman Vihar Ashok Vihar,28.481279,77.014183
STOP_GURUGRAM_RAILWAY_ST_BUS_STOP,Gurugram Railway St Bus stop,28.439025,77.04055
STOP_SEC_29_POLICE_STATION,Sec 29 Police Station,28.467625,77.058475
STOP_SECTOR_55_56_METRO_STATION,Sector - 55/56 Metro Station,28.424,77.104
STOP_HARYANA_VIDYUT_PRASARAN_NIGAM,Haryana Vidyut Prasaran Nigam,28.455875,77.029675
STOP_CLUB_FLORANCE,Club Florance,28.44705,77.03535
STOP_RAJESH_PILOT_GUAJAR_CHOWK,Rajesh Pilot Guajar Chowk,28.460475,77.042225
STOP_PIONEER_PARK_SECTOR_61,Pioneer Park /Sector 61,28.41,77.085
STOP_ULLAHAWAS_VILLAGE_SECTOR_60_63,Ullahawas Village/ Sector-60/63,28.408,77.09
STOP_MEDAWAS_SEC_64_65,"Medawas, Sec- 64/65",28.4411,77.042525
STOP_BHUAPUR_SEC_64_65,"Bhuapur, Sec- 64/65",28.452975,77.03085
STOP_EMAAR_THE_PALM_SQUARE_VATIKA_PROFESSIONAL_POINT,Emaar/The Palm Square/Vatika Professional Point,28.439925,77.042225
STOP_ST_XAVIERS_SCHOOL,St. Xaviers School,28.45725,77.05045
STOP_NIRVANA_COUNTRY,Nirvana Country,28.456025,77.050275
STOP_SPLENDOR_TRADE_TOWER_HAVELLS,Splendor Trade Tower/Havells,28.438275,77.03135
STOP_SECTOR_57_CHOWK_SUSHANT_LOK_III_EXT,Sector - 57 Chowk / Sushant Lok-III Ext.,28.423,77.083
STOP_VISION_TOWER_SECTOR_62,Vision Tower Sector 62,28.407,77.088
STOP_RAJESH_PILOT_GURJAR_CHOWK,Rajesh Pilot Gurjar Chowk,28.45335,77.0537
STOP_HANUMAN_MANDIR_DUNDAHERA,Hanuman Mandir Dundahera,28.510753,77.074237
STOP_CANDOR_IT_SEZ_SECTOR_22,Candor IT SEZ Sector -22,28.508556,77.072792
STOP_SHREE_KRISHNA_CHOWK,Shree Krishna Chowk,28.506258,77.071051
STOP_PALAM_VIHAR_CHOWK,Palam Vihar Chowk,28.503545,77.068299
STOP_HSVP_MARKET_SECTOR22_MAJOR_SUSHIL_AIMA_MARG,"HSVP Market Sector22, Major (Sushil Aima Marg)",28.503,77.064
STOP_TAU_DEVI_LAL_PARK_MAJOR_SUSHIL_AIMA_MARG,"Tau Devi Lal Park, Major Sushil Aima Marg",28.5038709,77.056783
STOP_SECTOR_23_GATE_NO_1_23_A_MAJOR_SHUSHIL_AIMA_MARG,"Sector 23 Gate no 1 / 23(A), Major Shushil Aima Marg",28.5065114,77.0524322
STOP_SECTOR_23_GATE_NO_2_23_A_MAJOR_SHUSHIL_AIMA_MARG,"Sector 23 Gate no 2 / 23(A), Major Shushil Aima Marg",28.5081223,77.0479704
STOP_SECTOR_23_GATE_NO_3_23_A_MAJOR_SHUSHIL_AIMA_MARG,"Sector 23 Gate no 3 / 23(A), Major Shushil Aima Marg",28.508878,77.0456
STOP_REZANG_LA_CHOWK_MAJOR_SUSHIL_AIMA_MARG,"Rezang La Chowk, Major Sushil Aima Marg",28.50979,77.043006
STOP_COLUMBIA_ASIA_HOSPITAL,Columbia Asia Hospital,28.5089626,77.0408965
STOP_CARTERPURI_VILLAGE,Carterpuri Village,28.506693,77.039026
STOP_DHARAM_COLONY,Dharam Colony,28.467625,77.0542
STOP_KRISHNA_CHOWK_PALAM_VIHAR,Krishna Chowk Palam Vihar,28.50155,77.028313
STOP_PALAM_VIHAR_BLOCK_C1_ASHOK_VIHAR_PHASE_III_BLOCK_G_H_AND_J,"Palam Vihar Block C1/Ashok Vihar Phase III Block G,H and J",28.484875,77.00895
STOP_PARK_VIEW_RESIDENCY,Park View Residency,28.4972337,77.022325
STOP_ASHOK_VIHAR_PHASE_III_EXTENSION,Ashok Vihar Phase III Extension,28.459425,77.0501
STOP_ASHOK_VIHAR_PHASE_2_PETROL_PUMP,Ashok Vihar Phase 2 Petrol Pump,28.438075,77.048375
STOP_SECTOR_23_GATE_NO_3_23_A_MAJOR_SUSHIL_AIMA_MARG,"Sector 23 Gate no.3 / 23 (A), Major Sushil Aima Marg",28.50891,77.045081
STOP_SECTOR_23_GATE_NO_2_23_A_MAJOR_SUSHIL_AIMA_MARG,"Sector 23 Gate no.2 / 23 (A), Major Sushil Aima Marg",28.5081223,77.0479704
STOP_SECTOR_23_GATE_NO_1_23_A_MAJOR_SUSHIL_AIMA_MARG,"Sector 23 Gate no.1 / 23 (A), Major Sushil Aima Marg",28.5065114,77.0524322
STOP_UDYOG_VIHAR_PHASE_IV,Udyog Vihar Phase- IV,28.4805,77.0047
STOP_CSD_UDYOG_VIHAR,CSD Udyog Vihar,28.488,76.991625
STOP_UDYOG_VIHAR_PHASE_IV_A,Udyog Vihar Phase - IV (A),28.48485,76.9965
STOP_FORTIS_MEMORIAL_RESEARCH_INSTITUTE_SEC_43,Fortis Memorial Research Institute/Sec-43,28.455,77.071
STOP_SEC_43_SEC_44A,Sec-43/Sec-44A,28.454,77.076
STOP_SEC_43_SEC_44B,Sec-43/Sec-44B,28.452,77.078
STOP_SEC_43_SUSHANT_LOK_BLOCK_C_KANHAI_VILLAGE,Sec-43 Sushant Lok Block C/Kanhai Village,28.45,77.074
STOP_ARDEE_CITY_WAZIRABAD,Ardee City/ Wazirabad,28.438,77.08
STOP_AMBEDKAR_CHOWK_INDRA_COLONY,Ambedkar Chowk/ Indra Colony,28.445,77.078
STOP_SAMASPUR_T_POINT,Samaspur T- Point,28.422,77.076
STOP_MAYFIELD_GARDEN,Mayfield Garden,28.42834,77.05879
STOP_GOOD_EARTH,Good Earth,28.425,77.059
STOP_PARK_HOSPITAL,Park Hospital,28.412,77.053
STOP_POLICE_CHOWKI_BHONDSI,Police Chowki Bhondsi,28.39,77.049
STOP_GHAMROJ,Ghamroj,28.304,77.039
STOP_ALIPUR,Alipur,28.29,77.013
STOP_DHUNELA,Dhunela,28.29,77.033
STOP_BAND_COLONY_CHUNGI_NO_1,Band Colony/Chungi No. 1,28.305,77.02
STOP_RAGHAV_VATIKA_CIVIL_HOSPITAL_DAMDAM_LAKE_MODE_CHILLED_POINT,Raghav Vatika/Civil Hospital/Damdam lake Mode/Chilled Point,28.27,77.06
STOP_SOHNA_BUS_STAND,Sohna Bus Stand,28.247,77.066
STOP_RAGHAV_VATIKA_CIVIL_HOSPITAL_DAMDAMA_LAKE_MODE_CHILLED_POINT,Raghav Vatika/Civil Hospital/Damdama Lake Mode/Chilled Point,28.27,77.06
STOP_ARDEE_CITY_SECTOR_52_53,Ardee City Sector- 52-53,28.435,77.083
STOP_HOUSING_BOARD_COLONY_SEC_52_53,Housing Board Colony Sec 52-53,28.443,77.086
STOP_WAZIRABAD,Wazirabad,28.425,77.088
STOP_AVIATION_HEIGHTS,Aviation Heights,28.421,77.086
STOP_TAU_DEVILAL_BIODIVERSITY_PARK,Tau Devilal Biodiversity Park,28.42,77.087
STOP_SECTOR_57,Sector- 57,28.423,77.083
STOP_SECTOR_51,Sector - 51,28.421,77.066
STOP_TIGRA_VILLAGE_CHOWK_SEC_51_GURUGRAM_UNIVERSITY,Tigra Village Chowk/Sec-51/Gurugram University,28.413,77.071
STOP_LOTUS_VALLY_INTERNATIONAL_SCHOOL_SECTOR_50,Lotus Vally International School/Sector- 50,28.414,77.056
STOP_BUSINESS_ZONE_SECTOR_50,Business Zone Sector- 50,28.414,77.062
STOP_SIGNUM_107_SECTOR_107,Signum 107 / Sector -107,28.45,76.991
STOP_SHAHEED_BHAGAT_SINGH_SAMARAK_DHARAMPUR,Shaheed Bhagat Singh Samarak Dharampur,28.469,76.987
STOP_DHARAMPUR_HDFC_BANK_SECTOR_108,Dharampur HDFC Bank / Sector- 108,28.475,76.99
STOP_DHARAMPUR_CHOWK,Dharampur Chowk,28.472,76.989
STOP_PLAZA_MALL,Plaza Mall,28.473,77.007
STOP_DAULATABAD_VILLAGE,Daulatabad Village,28.50014,76.994632
STOP_GOVT_SENIOR_SECONDARY_SCHOOL_DAULATABAD,Govt. Senior Secondary School Daulatabad,28.496358,76.9960273
STOP_DWARKA_EXP_CHOWK_B_DAULTABAD,Dwarka Exp Chowk B Daultabad,28.493206,76.998696
STOP_RAJENDRA_PARK,Rajendra Park,28.5,76.987
STOP_NEW_PALAM_VIHAR_PHASE_III,New Palam Vihar Phase III,28.510924,76.998847
STOP_ECHS_SECTOR_49,ECHS Sector - 49,28.42,77.043
STOP_TATA_PRIMANTI_SECTOR_SPAZE_PALAZO_69,Tata Primanti Sector/Spaze Palazo- 69,28.392,77.059
STOP_POWER_GRID_SECTOR_69,Power Grid Sector- 69,28.389,77.063
STOP_TULIP_CHOWK_SPAZE_CORPORATE_PARK_SECTOR_69,Tulip Chowk/ Spaze Corporate Park Sector- 69,28.391,77.067
STOP_ELAN_MALL_SECTOR_69_70,Elan Mall Sector - 69 / 70,28.392,77.053
STOP_SECTOR_69_70_CHOWK,Sector -69/70 Chowk,28.394,77.054
STOP_PAREENA_MICASA_SECTOR_68,Pareena Micasa Sector - 68,28.385,77.057
STOP_SECTOR_12_CHOWK,Sector 12 Chowk,28.471438,77.034111
STOP_RAJEEV_NAGAR_CHOWK,Rajeev Nagar chowk,28.462,77.036
STOP_COSMOS_EXECUTIVE_APARTMENT,Cosmos Executive Apartment,28.462,77.052
STOP_RAM_MANDIR_PALAM_VIHAR,Ram Mandir Palam Vihar,28.501,77.057
STOP_DEVINDER_VIHAR_SECTOR_56,"Devinder Vihar, Sector - 56",28.421,77.1
STOP_SUSHANT_LOK_III_SEC_56_57,Sushant Lok III - Sec 56/57,28.422,77.097
STOP_HONG_KONG_BAZAAR,Hong Kong Bazaar,28.417,77.099
STOP_ULLAHAWAS_VILLAGE_HBR_CHOWK,Ullahawas Village/ HBR Chowk,28.415,77.092
STOP_PARAS_TRINITY_SECTOR_63_60,"Paras Trinity, Sector - 63 / 60",28.405,77.087
STOP_KADARPUR_T_POINT,Kadarpur T-Point,28.4,77.083
STOP_PTC_KADARPUR,PTC Kadarpur,28.395,77.08
STOP_CRPF_CAMP_KADARPUR_GATE_NO_2,CRPF Camp Kadarpur Gate No. 2,28.392,77.079
STOP_KHANDSA_VILLAGE_FOB,Khandsa Village FOB,28.442,77.019
STOP_HSIIDC_SECTOR_34_35,HSIIDC Sector - 34/35,28.431,77.012
STOP_NARSINGHPUR_FOB,Narsinghpur FOB,28.433,77.016
STOP_DLF_CORPORATE_GREENS,DLF Corporate Greens,28.43,77.017
STOP_KEHRKI_DAULA_VILLAGE_NH_48,Kehrki Daula Village NH - 48,28.423,76.989
STOP_NEXT_VATIKA_CHOWK,Next Vatika Chowk,28.421,77.012
STOP_TOWN_SQUARE_MALL_SECTOR_82,"Town Square Mall , Sector - 82",28.385,76.989
STOP_GR_CHOWK,GR Chowk,28.387,76.995
STOP_SAPPHIRE_MALL_SECTOR_83,"Sapphire Mall , Sector - 83",28.383,76.991
STOP_ANSALS_HUB_SECTOR_83,Ansals Hub Sector - 83,28.382,76.988
STOP_CASA_BELLA,Casa Bella,28.38,76.989
STOP_MAPSKO_PARADISE_SECTOR_83,"Mapsko Paradise , Sector - 83",28.381,76.993
STOP_CIRCLE_3_SECTOR_83,"Circle - 3 , Sector - 83",28.382,76.995
STOP_CIRCLE_4_RAO_JAI_SINGH_CHOWK,"Circle - 4 , Rao Jai Singh Chowk",28.383,76.996
STOP_BADHA_VILLAGE_RELIANCE_MART,Badha Village / Reliance Mart,28.401,76.991
STOP_DADI_SATI_CHOWK,Dadi Sati Chowk,28.404,76.991
STOP_NTH_90_SECTOR_90,NTH - 90 / Sector - 90,28.397,77.001
STOP_RAO_BHARAT_SCHOOL_SECTOR_91,"Rao Bharat School , Sector - 91",28.401,77.002
STOP_NTH_91_SECTOR_91,NTH - 91 / Sector - 91,28.401,77.005
STOP_YADUVANSHI_SCHOOL_SECTOR_92_93,"Yaduvanshi School , Sector - 92/93",28.396,77.008
STOP_RAHEJA_HOUSING_SOCIETY_SECTOR_92_95,"Raheja Housing Society , Sector - 92/95",28.391,77.008
STOP_ANSAL_HEIGHTS_AWHO_SECTOR_92,"Ansal Heights / AWHO , Sector - 92",28.393,77.004
STOP_SARE_HOMES_SECTOR_92_95,"SARE Homes , Sector - 92/95",28.389,77.007
STOP_DHORKA_VILLAGE,Dhorka Village,28.419,76.975
STOP_BSNL_EXCHANGE_SECTOR_12,BSNL Exchange Sector -12,28.467765,77.037271
STOP_KENDRIYA_VIDYALAYA,Kendriya Vidyalaya,28.470945,77.039813
STOP_SANJAY_GRAM_SECTOR_14,Sanjay Gram / Sector - 14,28.47735,77.045664
STOP_LT_ATUL_KATARIA_CHOWK_B,Lt. Atul Kataria Chowk (B),28.474,77.036
STOP_SECTOR_17_18_OLD_DELHI_ROAD_A,Sector - 17/18 Old Delhi Road (A),28.488286,77.055267
STOP_SARHOL,Sarhol,28.49252,77.058861
STOP_MARUTI_UDYOG_GATE_2,Maruti Udyog Gate 2,28.498,77.065
STOP_MARUTI_UDYOG_GATE_1,Maruti Udyog Gate 1,28.497957,77.063449
STOP_GURGAON_ONE_APARTMENT,Gurgaon One Apartment,28.499957,77.065448
STOP_RAMPURA_CHOWK,Rampura Chowk,28.421,76.989
STOP_RESIDENTIAL_SECTOR_1_IMT_MANESAR,Residential Sector - 1 / IMT Manesar,28.365,76.94
STOP_IMT_CHOWK_TAU_DEVI_LAL_PARK,IMT Chowk / Tau Devi Lal Park,28.3631493,76.941485
STOP_HSIIDC_OFFICE_COMPLEX,HSIIDC OFFICE COMPLEX,28.365,76.944
STOP_NAHARPUR_MODE_T_POINT,Naharpur Mode T Point,28.426,77.025
STOP_LABOUR_CHOWK,Labour Chowk,28.448,77.027
STOP_BASKUSHLA,Baskushla,28.383,76.963
STOP_MARUTI_CIRCLE,Maruti Circle,28.363,76.951
STOP_ALIYAR_BANS_CHOWK,Aliyar Bans Chowk,28.359,76.948
STOP_MARUTI_GATE_NO_2,Maruti Gate No. 2,28.356,76.951
STOP_MARUTI_GATE_NO_4,Maruti Gate No. 4,28.354,76.945
STOP_DHANA_MODE,Dhana Mode,28.351,76.93
STOP_KIIT_MARUTI_KUNJ,KIIT Maruti Kunj,28.348,77.033
STOP_BHARAT_CHOWK_MARUTI_KUNJ,Bharat Chowk Maruti Kunj,28.347,77.035
STOP_MARUTI_KUNJ,Maruti Kunj,28.345,77.034
STOP_MONSOON_BREEZE_SECTOR_78,Monsoon Breeze Sector - 78,28.3686,76.966
STOP_NSG_GATE_NAURANGPUR_ROAD,"NSG Gate, Naurangpur Road",28.377,76.958
STOP_NAURANGPUR,Naurangpur,28.383,76.957
STOP_POLICE_LINE_MANESAR,Police Line Manesar,28.36,76.946
